<?xml version="1.0" encoding="UTF-8"?>
<project-private xmlns="http://www.netbeans.org/ns/project-private/1">
    <editor-bookmarks xmlns="http://www.netbeans.org/ns/editor-bookmarks/2" lastBookmarkId="0"/>
    <open-files xmlns="http://www.netbeans.org/ns/projectui-open-files/2">
        <group>
            <file>file:/C:/Users/Admin/OneDrive/Desktop/session5/Web/javagrocery/src/java/gatewaygrocery.java</file>
            <file>file:/C:/Users/Admin/OneDrive/Desktop/session5/Web/javagrocery/web/dairy.jsp</file>
            <file>file:/C:/Users/Admin/OneDrive/Desktop/session5/Web/javagrocery/src/java/javagroceryServ.java</file>
            <file>file:/C:/Users/Admin/OneDrive/Desktop/session5/Web/javagrocery/web/meats.jsp</file>
            <file>file:/C:/Users/Admin/OneDrive/Desktop/session5/Web/javagrocery/src/java/Product.java</file>
            <file>file:/C:/Users/Admin/OneDrive/Desktop/session5/Web/javagrocery/web/fruit.jsp</file>
            <file>file:/C:/Users/Admin/OneDrive/Desktop/session5/Web/javagrocery/web/bread.jsp</file>
            <file>file:/C:/Users/Admin/OneDrive/Desktop/session5/Web/javagrocery/web/index.jsp</file>
        </group>
    </open-files>
</project-private>
